Nom;Prénom;Sexe;Date de naissance;Nationalité;Titre de séjour;Date d’entrée;Date de sortie;Type de contrat;Statut;Emploi;Temps de travail;Salaire mensuel brut;Coefficient;Observations
LEGRAND;Amel;F;19/01/1968;Française;;21/02/2010;;CDI;Ouvrier;Cariste;Temps plein;2 210,00;190;
SIMON;Christine;F;06/12/1971;Française;;25/08/1998;;CDI;Employé;Assistant commercial;Temps plein;2 390,00;200;
LEGRAND;Nathalie;F;28/12/1975;Française;;06/11/2017;;CDI;Employé;Chargé de clientèle;Temps plein;2 320,00;230;
MOREL;Anaïs;F;09/05/1986;Française;;16/03/2005;;CDI;Employé;Chargé de clientèle;Temps plein;2 100,00;215;
THOMAS;Marie;F;24/05/1964;Française;;06/07/2014;;CDI;Cadre;Chef de projet;Temps plein;4 770,00;450;
LAMBERT;Sofiane;H;10/08/1980;Française;;16/12/2021;;CDI;Employé;Hôtesse d’accueil;Temps plein;2 700,00;230;
LEFEBVRE;Laetitia;F;28/06/1970;Française;;24/04/1993;;CDI;Employé;Téléconseiller;Temps plein;2 000,00;200;
BOURGEOIS;Élodie;F;05/07/1988;Française;;17/11/2019;;CDI;Employé;Hôtesse d’accueil;Temps plein;2 140,00;230;
LEMAIRE;Patrick;H;08/07/1966;Française;;10/03/2013;;CDI;Ouvrier;Préparateur de commandes;Temps plein;2 510,00;155;
LAURENT;Maxime;H;26/07/1987;Française;;22/10/2007;;CDI;Employé;Assistant commercial;Temps plein;2 260,00;215;
LEBLANC;Aurélie;F;12/02/1994;Française;;05/12/2013;;CDI;Employé;Assistant administratif;Temps plein;2 150,00;230;
LEFEBVRE;Frédéric;H;18/02/1981;Française;;04/10/2015;;CDI;Ouvrier;Préparateur de commandes;Temps plein;2 560,00;170;
PETIT;Jérémy;H;16/10/1988;Française;;13/01/2009;;CDI;Employé;Comptable;Temps plein;2 810,00;200;
CARPENTIER;Clara;F;24/09/1968;Française;;06/11/1990;;CDI;Ouvrier;Conducteur de ligne;Temps plein;1 990,00;155;
BERTIN;Samira;F;16/07/1972;Française;;13/12/2003;;CDI;Agent de maîtrise;Chef d’atelier;Temps plein;2 860,00;305;
GERARD;Laura;F;06/12/2004;Française;;11/03/2023;;CDI;Ouvrier;Conducteur de ligne;Temps plein;2 180,00;190;
MAILLARD;Kévin;H;03/02/1976;Française;;03/11/2001;;CDI;Agent de maîtrise;Chef d’atelier;Temps plein;3 430,00;275;
MARTIN;Jérémy;H;15/11/2004;Française;;12/06/2023;;CDI;Employé;Chargé de clientèle;Temps plein;2 970,00;215;
GAUTIER;Nicolas;H;23/04/1995;Française;;17/09/2019;;CDI;Employé;Assistant commercial;Temps plein;2 700,00;230;
MEUNIER;Laetitia;F;17/08/1978;Française;;21/01/2022;;CDI;Cadre;Ingénieur méthodes;Temps plein;5 730,00;400;
LEMOINE;Lucie;F;01/08/1977;Française;;28/03/1998;;CDI;Cadre;Architecte système;Temps plein;6 240,00;350;
POIRIER;Sandrine;F;12/11/1975;Française;;27/08/2010;;CDI;Ouvrier;Agent de maintenance;Temps plein;1 990,00;190;
GAUTIER;Fanta;F;05/09/1989;Française;;25/10/2015;;CDI;Employé;Téléconseiller;Temps plein;2 110,00;200;
VERDIER;Sonia;F;02/01/1969;Française;;02/09/2004;;CDI;Ouvrier;Conducteur de ligne;Temps plein;2 150,00;170;
MULLER;Samira;F;04/08/1975;Française;;13/08/2006;;CDI;Employé;Chargé de clientèle;Temps plein;2 900,00;230;
ROY;Alain;H;27/10/2005;Française;;01/02/2024;;CDI;Employé;Assistant commercial;Temps plein;2 270,00;200;
BERNARD;Patrick;H;16/09/1993;Française;;07/11/2018;;CDI;Agent de maîtrise;Coordinateur planning;Temps plein;3 020,00;275;
MARCHAND;Karine;F;12/02/1990;Française;;21/02/2015;;CDI;Agent de maîtrise;Coordinateur planning;Temps plein;2 830,00;275;
GARCIA;Frédéric;H;19/12/1981;Française;;22/08/2011;;CDI;Employé;Chargé de clientèle;Temps plein;2 680,00;200;
CLEMENT;Inès;F;05/02/1978;Française;;12/04/2005;;CDI;Ouvrier;Cariste;Temps plein;2 560,00;190;
LEROY;Jean;H;03/08/1995;Française;;13/03/2018;;CDI;Cadre;Ingénieur bureau d’études;Temps plein;5 170,00;400;
FRANCOIS;Théo;H;24/02/1976;Française;;13/11/2007;;CDI;Employé;Assistant administratif;Temps plein;2 930,00;215;
LOPEZ;Ibrahima;H;08/08/1988;Française;;23/03/2014;;CDI;Employé;Assistant administratif;Temps plein;2 520,00;200;
GARCIA;Karim;H;21/06/1992;Française;;02/07/2015;;CDI;Cadre;Juriste;Temps plein;4 750,00;450;
MENARD;Awa;F;23/12/1981;Française;;13/05/2000;;CDI;Employé;Assistant achats;Temps plein;2 580,00;230;
BERNARD;Pascal;H;11/09/2000;Française;;06/11/2024;;CDI;Ouvrier;Magasinier;Temps plein;1 910,00;170;
VERDIER;Maxime;H;25/04/1970;Française;;09/03/1998;;CDI;Employé;Assistant achats;Temps plein;2 850,00;230;
COLIN;Yasmine;F;04/06/1965;Française;;23/01/1997;;CDI;Employé;Hôtesse d’accueil;Temps plein;2 480,00;230;
SIMON;Théo;H;11/11/1991;Française;;12/12/2015;;CDI;Employé;Comptable;Temps plein;2 100,00;215;
BENOIT;Clara;F;22/08/2002;Française;;09/02/2024;;CDI;Employé;Assistant commercial;Temps plein;2 640,00;230;
DUBOIS;Sandrine;F;14/03/1966;Française;;06/09/2017;;CDI;Employé;Chargé de clientèle;Temps plein;2 760,00;200;
LEMOINE;Sonia;F;04/02/2005;Française;;17/12/2024;;CDI;Employé;Employé logistique;Temps plein;2 500,00;215;
MOREL;Émilie;F;27/07/1984;Française;;20/09/2024;;CDI;Employé;Comptable;Temps plein;2 750,00;230;
LEROUX;Virginie;F;06/08/1972;Française;;06/12/1994;;CDI;Employé;Téléconseiller;Temps plein;2 880,00;230;
HENRY;Théo;H;26/02/1969;Française;;01/04/1997;;CDI;Agent de maîtrise;Technicien qualité;Temps plein;3 670,00;275;
MARTIN;Laetitia;F;01/12/1974;Française;;08/12/2020;;CDI;Employé;Assistant commercial;Temps plein;2 260,00;215;
ROUX;Guillaume;H;22/04/1975;Française;;08/06/2011;;CDI;Employé;Assistant administratif;Temps plein;2 410,00;200;
MARTY;Manon;F;01/04/1996;Française;;06/08/2022;;CDI;Employé;Assistant administratif;Temps plein;2 480,00;215;
GUERIN;Virginie;F;03/10/1968;Française;;18/03/2011;;CDI;Ouvrier;Cariste;Temps plein;2 530,00;170;
MICHEL;Sofiane;H;26/04/1986;Française;;01/08/2017;;CDI;Employé;Chargé de clientèle;Temps plein;2 570,00;215;
COLIN;Caroline;F;15/06/1988;Française;;16/10/2015;;CDI;Cadre;Ingénieur bureau d’études;Temps plein;4 560,00;350;
DAVID;Aurélie;F;23/09/1978;Française;;27/11/2000;;CDI;Employé;Chargé de clientèle;Temps plein;2 140,00;215;
LEBLANC;Samira;F;27/03/1971;Française;;10/08/1996;;CDI;Ouvrier;Magasinier;Temps plein;2 500,00;190;
MOREAU;Chloé;F;14/02/1986;Française;;22/07/2020;;CDI;Cadre;Ingénieur bureau d’études;Temps plein;6 650,00;450;
BARON;Émilie;F;07/12/1984;Française;;16/08/2023;;CDI;Ouvrier;Conducteur de ligne;Temps plein;2 500,00;170;
BERTRAND;Fanta;F;16/08/1974;Française;;13/05/2005;;CDI;Employé;Chargé de clientèle;Temps plein;2 400,00;200;
HENRY;Farid;H;04/03/1983;Française;;01/05/2022;;CDI;Employé;Hôtesse d’accueil;Temps plein;2 280,00;200;
MOREAU;Fatima;F;26/03/1990;Française;;26/09/2012;;CDI;Employé;Assistant achats;Temps plein;2 770,00;215;
COLLET;Kévin;H;20/02/2001;Française;;07/11/2023;;CDI;Agent de maîtrise;Superviseur logistique;Temps plein;3 860,00;275;
NGUYEN;Sonia;F;17/03/1976;Française;;02/03/2021;;CDI;Employé;Assistant commercial;Temps plein;2 560,00;230;
GIRARD;Manon;F;12/07/1989;Française;;27/02/2017;;CDI;Ouvrier;Conducteur de ligne;Temps plein;2 180,00;155;
BARON;Florian;H;22/10/1968;Française;;18/03/1993;;CDI;Employé;Assistant administratif;Temps plein;2 050,00;200;
HENRY;Stéphanie;F;01/09/1989;Française;;26/08/2018;;CDI;Agent de maîtrise;Superviseur logistique;Temps plein;3 430,00;250;
RENAUD;Isabelle;F;04/12/2000;Française;;03/06/2020;;CDI;Ouvrier;Peintre industriel;Temps plein;2 280,00;155;
DUPONT;Lucas;H;25/02/1998;Française;;22/08/2024;;CDI;Agent de maîtrise;Technicien qualité;Temps plein;3 430,00;275;
PHILIPPE;Romain;H;17/12/1974;Française;;05/09/1995;;CDI;Agent de maîtrise;Superviseur logistique;Temps plein;3 000,00;250;
MEYER;Clara;F;07/04/1997;Française;;25/03/2022;;CDI;Agent de maîtrise;Animateur sécurité;Temps plein;3 660,00;305;
MULLER;Amel;F;13/08/1971;Française;;25/02/2001;;CDI;Employé;Assistant administratif;Temps plein;2 330,00;230;
BOYER;Lucas;H;15/10/1994;Française;;08/11/2019;;CDI;Employé;Téléconseiller;Temps plein;2 040,00;230;
AUBERT;Leila;F;12/05/1976;Française;;21/05/1999;;CDI;Employé;Assistant achats;Temps plein;2 170,00;200;
DUVAL;Samir;H;21/04/2002;Française;;02/06/2021;;CDI;Employé;Téléconseiller;Temps plein;2 370,00;215;
LEFEVRE;Fatima;F;23/02/1992;Française;;05/08/2017;;CDI;Cadre;Architecte système;Temps plein;6 000,00;450;
DUVAL;Vincent;H;17/05/1966;Française;;09/02/1994;;CDI;Employé;Assistant commercial;Temps plein;2 790,00;230;
PETIT;Catherine;F;11/10/2001;Française;;10/05/2021;;CDI;Agent de maîtrise;Superviseur logistique;Temps plein;3 850,00;275;
MULLER;Nathan;H;15/12/1964;Française;;06/07/2019;;CDI;Ouvrier;Peintre industriel;Temps plein;2 010,00;190;
CHARPENTIER;Kévin;H;26/08/1964;Française;;16/06/2012;;CDI;Employé;Employé logistique;Temps plein;2 840,00;215;
NICOLAS;Nicolas;H;28/07/1966;Française;;28/12/2024;;CDI;Cadre;Responsable comptable;Temps plein;6 590,00;450;
MICHEL;Laura;F;04/01/1973;Française;;23/12/2008;;CDI;Ouvrier;Peintre industriel;Temps plein;2 380,00;190;
MOREAU;Lucas;H;08/08/1984;Française;;01/04/2006;;CDI;Employé;Gestionnaire de paie;Temps plein;2 370,00;200;
SCHMITT;Philippe;H;03/01/1977;Française;;26/01/2010;;CDI;Ouvrier;Soudeur;Temps plein;2 530,00;155;
RICHARD;Céline;F;16/08/1998;Française;;18/03/2020;;CDI;Employé;Assistant commercial;Temps plein;2 530,00;230;
RICHARD;Nicolas;H;24/03/1995;Française;;24/07/2024;;CDI;Employé;Chargé de clientèle;Temps plein;2 140,00;215;
HERVE;Christine;F;26/09/1967;Française;;24/09/2011;;CDI;Employé;Assistant commercial;Temps plein;2 910,00;230;
BRUNET;Camille;F;11/07/1982;Française;;27/06/2008;;CDI;Employé;Secrétaire technique;Temps plein;2 210,00;215;
PHILIPPE;Valérie;F;17/06/1998;Française;;19/06/2021;;CDI;Employé;Assistant commercial;Temps plein;2 820,00;215;
MARTIN;Isabelle;F;27/01/1968;Française;;22/11/1992;;CDI;Agent de maîtrise;Chef d’atelier;Temps plein;3 120,00;275;
MOREL;Stéphanie;F;17/02/1976;Française;;10/03/2021;;CDI;Employé;Employé logistique;Temps plein;2 340,00;230;
MERCIER;Malika;F;20/01/1990;Française;;27/08/2021;;CDI;Ouvrier;Agent de production;Temps plein;2 440,00;155;
RICHARD;Guillaume;H;24/06/1987;Française;;27/09/2010;;CDI;Agent de maîtrise;Technicien informatique;Temps plein;3 060,00;250;
KLEIN;Philippe;H;22/08/1995;Française;;15/11/2016;;CDI;Employé;Téléconseiller;Temps plein;2 890,00;230;
LEMOINE;Florian;H;10/03/1976;Française;;03/06/2019;;CDI;Cadre;Responsable qualité;Temps plein;3 970,00;350;
MAILLARD;Valérie;F;10/02/2002;Française;;04/04/2023;;CDI;Employé;Gestionnaire de paie;Temps plein;2 960,00;230;
SIMON;Rachid;H;05/10/1971;Française;;06/03/2002;;CDI;Agent de maîtrise;Animateur sécurité;Temps plein;3 150,00;250;
MENARD;Clara;F;21/01/1991;Française;;01/09/2012;;CDI;Ouvrier;Cariste;Temps plein;1 920,00;155;
MICHEL;Amel;F;19/09/1987;Française;;08/07/2006;;CDI;Agent de maîtrise;Chef d’atelier;Temps plein;3 240,00;305;
RENAUD;Thomas;H;11/12/1988;Française;;16/02/2019;;CDI;Employé;Hôtesse d’accueil;Temps plein;2 520,00;230;
GERARD;Virginie;F;13/07/1995;Française;;17/07/2017;;CDI;Employé;Hôtesse d’accueil;Temps plein;2 250,00;200;
GAUTIER;Karim;H;16/05/1978;Française;;25/10/2019;;CDI;Agent de maîtrise;Technicien qualité;Temps plein;3 460,00;275;
LEMAIRE;Philippe;H;19/03/1978;Française;;03/07/2009;;CDI;Employé;Téléconseiller;Temps plein;2 010,00;215;
ROBERT;Quentin;H;28/09/1967;Française;;02/03/1999;;CDI;Employé;Hôtesse d’accueil;Temps plein;2 820,00;215;
COUSIN;Anaïs;F;22/04/1972;Française;;01/10/1993;;CDI;Cadre;Juriste;Temps plein;6 550,00;400;
MARTIN;Théo;H;06/11/1979;Française;;06/05/2011;;CDI;Cadre;Architecte système;Temps plein;6 270,00;400;
BOYER;Alain;H;12/11/1989;Française;;27/03/2010;;CDI;Employé;Assistant commercial;Temps plein;2 490,00;215;
CARPENTIER;Lucie;F;25/07/1987;Française;;05/10/2012;;CDI;Employé;Chargé de clientèle;Temps plein;2 830,00;200;
KLEIN;Amel;F;26/11/1970;Française;;27/09/2021;;CDI;Employé;Comptable;Temps plein;2 800,00;215;
LOPEZ;Jean;H;24/07/1977;Française;;26/09/2013;;CDI;Employé;Assistant administratif;Temps plein;2 190,00;200;
BERNARD;Hugo;H;09/09/1965;Française;;18/03/2014;;CDI;Cadre;Ingénieur méthodes;Temps plein;4 550,00;500;
RENARD;Nathalie;F;11/04/1995;Française;;13/07/2023;;CDI;Employé;Employé logistique;Temps plein;2 230,00;230;
MERCIER;Alexandre;H;28/10/2000;Française;;14/11/2024;;CDI;Cadre;Responsable achats;Temps plein;5 690,00;500;
MEUNIER;Rachid;H;03/09/1994;Française;;25/09/2015;;CDI;Ouvrier;Magasinier;Temps plein;2 520,00;190;
DUVAL;Lucas;H;17/11/1964;Française;;04/11/2001;;CDI;Agent de maîtrise;Technicien de maintenance;Temps plein;3 570,00;275;
BENOIT;Catherine;F;20/06/2003;Française;;09/03/2023;;CDI;Cadre;Ingénieur méthodes;Temps plein;5 950,00;500;
BLANC;Amandine;F;17/11/1978;Française;;12/04/2001;;CDI;Ouvrier;Cariste;Temps plein;1 930,00;170;
LEMAIRE;Sandrine;F;25/11/1984;Française;;06/06/2013;;CDI;Employé;Hôtesse d’accueil;Temps plein;2 420,00;215;
FRANCOIS;Sylvie;F;14/12/1996;Française;;19/06/2015;;CDI;Employé;Chargé de clientèle;Temps plein;2 630,00;230;
THOMAS;Laura;F;17/05/1998;Française;;21/07/2017;;CDI;Employé;Gestionnaire de paie;Temps plein;2 630,00;230;
LEBLANC;Élodie;F;02/01/1968;Française;;28/04/2022;;CDI;Employé;Secrétaire technique;Temps plein;2 000,00;215;
FONTAINE;Théo;H;26/07/1998;Française;;09/09/2020;;CDI;Employé;Chargé de clientèle;Temps plein;2 840,00;200;
RENARD;Nadia;F;25/03/1992;Française;;24/06/2018;;CDI;Employé;Hôtesse d’accueil;Temps plein;2 670,00;200;
DURAND;Manon;F;15/10/1977;Française;;12/08/2017;;CDI;Employé;Secrétaire technique;Temps plein;2 650,00;200;
BLANC;Camille;F;09/12/1992;Française;;04/10/2020;;CDI;Agent de maîtrise;Technicien de maintenance;Temps plein;3 090,00;305;
MICHEL;Thomas;H;05/08/1984;Française;;12/01/2012;;CDI;Employé;Hôtesse d’accueil;Temps plein;2 440,00;215;
DUMONT;Samir;H;04/10/1981;Française;;27/02/2005;;CDI;Employé;Assistant achats;Temps plein;2 480,00;200;
PETIT;Christophe;H;10/06/1978;Française;;07/05/2018;;CDI;Cadre;Responsable comptable;Temps plein;6 350,00;350;
DUBOIS;Antoine;H;02/04/1999;Française;;11/01/2020;;CDI;Ouvrier;Préparateur de commandes;Temps plein;2 440,00;190;
DUMONT;Anaïs;F;15/04/1971;Française;;04/07/1993;;CDI;Employé;Gestionnaire de paie;Temps plein;2 050,00;215;
LEROY;Christophe;H;10/09/1965;Française;;05/03/2012;;CDI;Cadre;Juriste;Temps plein;4 750,00;400;
ROBIN;Christophe;H;12/10/1993;Française;;10/05/2012;;CDI;Ouvrier;Cariste;Temps plein;2 330,00;155;
LECLERCQ;Émilie;F;24/03/1997;Française;;12/07/2016;;CDI;Employé;Secrétaire technique;Temps plein;2 960,00;230;
DUVAL;Sonia;F;11/10/1992;Française;;22/09/2019;;CDI;Employé;Assistant administratif;Temps plein;2 450,00;230;
BARON;Karim;H;23/08/1972;Française;;01/04/1991;;CDI;Employé;Téléconseiller;Temps plein;2 320,00;230;
MASSON;Awa;F;26/09/1984;Française;;25/01/2019;;CDI;Agent de maîtrise;Technicien de maintenance;Temps plein;2 960,00;250;
GAUTIER;Alexandre;H;09/09/1990;Française;;17/02/2018;;CDI;Employé;Secrétaire technique;Temps plein;2 190,00;200;
CARON;Laura;F;02/10/1997;Française;;06/09/2022;;CDI;Ouvrier;Soudeur;Temps plein;1 970,00;155;
NICOLAS;Ibrahima;H;27/08/1992;Française;;08/02/2011;;CDI;Employé;Assistant commercial;Temps plein;2 100,00;215;
GERARD;Laetitia;F;26/10/1978;Française;;13/05/1997;;CDI;Employé;Chargé de clientèle;Temps plein;2 160,00;215;
ROBERT;Awa;F;03/01/1988;Française;;23/01/2017;;CDI;Employé;Téléconseiller;Temps plein;2 100,00;200;
CHEVALIER;Céline;F;11/10/1977;Française;;12/04/1999;;CDI;Employé;Comptable;Temps plein;2 530,00;200;
KLEIN;Thomas;H;24/02/1968;Française;;15/11/2018;;CDI;Employé;Chargé de clientèle;Temps plein;2 670,00;215;
MARCHAND;Alain;H;14/02/1972;Française;;06/03/1993;;CDI;Cadre;Responsable achats;Temps plein;6 310,00;450;
ROCHE;Nathan;H;03/09/1967;Française;;17/03/1990;;CDI;Employé;Assistant commercial;Temps plein;2 120,00;230;
HENRY;Nadia;F;26/12/1977;Française;;26/12/2016;;CDI;Employé;Comptable;Temps plein;2 030,00;230;
LUCAS;Sandrine;F;06/02/1988;Française;;07/09/2021;;CDI;Agent de maîtrise;Animateur sécurité;Temps plein;3 090,00;275;
MEYER;Sandrine;F;06/01/1979;Française;;25/03/2013;;CDI;Cadre;Ingénieur bureau d’études;Temps plein;6 150,00;400;
POIRIER;Christine;F;13/10/2005;Française;;07/06/2024;;CDI;Employé;Secrétaire technique;Temps plein;2 320,00;230;
ROY;Élodie;F;05/12/1995;Française;;10/10/2023;;CDI;Cadre;Ingénieur méthodes;Temps plein;5 010,00;500;
DENIS;Michel;H;13/08/1964;Française;;03/01/1983;;CDI;Employé;Secrétaire technique;Temps plein;2 010,00;230;
BONNET;Julien;H;04/10/1990;Française;;26/08/2011;;CDI;Ouvrier;Peintre industriel;Temps plein;2 440,00;190;
BONNET;Samira;F;09/04/1980;Française;;20/05/2021;;CDI;Employé;Assistant commercial;Temps plein;2 130,00;215;
KLEIN;Chloé;F;02/02/1981;Française;;22/12/2001;;CDI;Agent de maîtrise;Animateur sécurité;Temps plein;2 870,00;305;
BENOIT;Camille;F;20/01/1990;Française;;15/03/2024;;CDI;Employé;Assistant achats;Temps plein;2 170,00;200;
VINCENT;Laetitia;F;25/04/1974;Française;;02/10/1996;;CDI;Ouvrier;Préparateur de commandes;Temps plein;2 110,00;155;
CHEVALIER;Samir;H;22/10/1980;Française;;23/01/2002;;CDI;Ouvrier;Agent de production;Temps plein;2 180,00;190;
FERNANDEZ;Karim;H;22/04/2004;Française;;28/01/2023;;CDI;Agent de maîtrise;Technicien informatique;Temps plein;2 890,00;305;
MEUNIER;Alexandre;H;17/04/1971;Française;;01/02/2017;;CDI;Ouvrier;Agent de maintenance;Temps plein;2 580,00;190;
BOURGEOIS;Sonia;F;07/11/1985;Française;;11/08/2021;;CDI;Employé;Employé logistique;Temps plein;2 190,00;215;
PETIT;Anaïs;F;09/11/1982;Française;;11/07/2023;;CDI;Ouvrier;Préparateur de commandes;Temps plein;2 070,00;170;
DUMAS;Éric;H;21/05/1995;Française;;03/05/2019;;CDI;Ouvrier;Soudeur;Temps plein;2 570,00;155;
MICHEL;Sonia;F;10/11/1966;Française;;10/05/2021;;CDI;Ouvrier;Cariste;Temps plein;2 580,00;190;
CARPENTIER;Jérémy;H;17/07/1977;Française;;15/04/2005;;CDI;Ouvrier;Agent de production;Temps plein;2 150,00;155;
FERNANDEZ;Lucas;H;15/11/1972;Française;;27/12/2003;;CDI;Employé;Téléconseiller;Temps plein;2 470,00;200;
NOEL;Frédéric;H;11/10/1971;Française;;13/01/2024;;CDI;Agent de maîtrise;Coordinateur planning;Temps plein;3 560,00;275;
FERNANDEZ;Hugo;H;28/01/1977;Française;;05/07/2001;;CDI;Employé;Gestionnaire de paie;Temps plein;2 720,00;215;
GARCIA;Fatima;F;25/04/1972;Française;;11/12/2015;;CDI;Ouvrier;Agent de production;Temps plein;2 460,00;170;
ROBERT;Jérémy;H;22/07/1985;Française;;26/08/2013;;CDI;Cadre;Architecte système;Temps plein;6 720,00;450;
MENARD;Nadia;F;04/01/1964;Française;;17/05/1989;;CDI;Cadre;Architecte système;Temps plein;5 300,00;400;
ROUSSEAU;Samir;H;27/09/1973;Française;;26/04/2023;;CDI;Employé;Gestionnaire de paie;Temps plein;2 680,00;215;
MERCIER;Ousmane;H;13/04/1981;Française;;24/04/2003;;CDI;Ouvrier;Magasinier;Temps plein;2 050,00;190;
LAMBERT;Nathan;H;26/11/1995;Française;;12/04/2024;;CDI;Ouvrier;Magasinier;Temps plein;2 480,00;155;
DAVID;Romain;H;14/05/2001;Française;;23/01/2022;;CDI;Employé;Secrétaire technique;Temps plein;2 730,00;215;
THOMAS;Théo;H;26/05/1994;Française;;02/05/2014;;CDI;Agent de maîtrise;Coordinateur planning;Temps plein;2 940,00;250;
CARPENTIER;Karim;H;16/11/1981;Française;;03/01/2010;;CDI;Ouvrier;Préparateur de commandes;Temps plein;2 050,00;190;
DUBOIS;Sophie;F;18/11/2004;Française;;25/06/2023;;CDI;Ouvrier;Cariste;Temps plein;2 050,00;190;
ROUSSEAU;Guillaume;H;18/08/1965;Française;;05/08/1993;;CDI;Ouvrier;Magasinier;Temps plein;2 480,00;190;
CLEMENT;Valérie;F;05/01/1989;Française;;13/10/2014;;CDI;Employé;Chargé de clientèle;Temps plein;2 600,00;215;
FOURNIER;Catherine;F;14/10/1983;Française;;19/12/2024;;CDI;Ouvrier;Préparateur de commandes;Temps plein;2 300,00;190;
MATHIEU;Awa;F;25/04/1977;Française;;23/04/2005;;CDI;Agent de maîtrise;Technicien méthodes;Temps plein;3 790,00;275;
DAVID;Stéphanie;F;27/07/2004;Française;;24/09/2024;;CDI;Employé;Téléconseiller;Temps plein;2 870,00;230;
DUBOIS;Yasmine;F;08/06/1988;Française;;05/10/2024;;CDI;Employé;Comptable;Temps plein;2 620,00;200;
BERTRAND;Chloé;F;24/12/1967;Française;;10/01/1996;;CDI;Ouvrier;Cariste;Temps plein;2 150,00;155;
LOPEZ;Anaïs;F;13/06/1994;Française;;20/02/2021;;CDI;Employé;Assistant commercial;Temps plein;2 880,00;230;
DUMONT;Karim;H;06/11/1979;Française;;24/02/2014;;CDI;Employé;Comptable;Temps plein;2 760,00;215;
PHILIPPE;Sonia;F;13/09/1976;Française;;08/02/2000;;CDI;Cadre;Architecte système;Temps plein;5 020,00;450;
POIRIER;Amel;F;05/07/1989;Française;;20/11/2008;;CDI;Agent de maîtrise;Technicien qualité;Temps plein;2 830,00;305;
DURAND;Lucie;F;20/12/1986;Française;;23/11/2024;;CDI;Ouvrier;Conducteur de ligne;Temps plein;1 910,00;170;
LEROY;Maxime;H;15/12/1994;Française;;16/03/2019;;CDI;Agent de maîtrise;Technicien de maintenance;Temps plein;3 420,00;250;
ROUSSEAU;Youssef;H;11/07/1991;Française;;05/02/2014;;CDI;Agent de maîtrise;Chef d’atelier;Temps plein;3 550,00;250;
BOURGEOIS;Laura;F;20/09/1996;Française;;21/05/2022;;CDI;Agent de maîtrise;Technicien qualité;Temps plein;3 310,00;305;
DENIS;Christine;F;24/03/2001;Française;;22/01/2022;;CDI;Ouvrier;Cariste;Temps plein;2 290,00;170;
MARTINEZ;Élodie;F;27/02/2000;Française;;18/02/2024;;CDI;Agent de maîtrise;Technicien méthodes;Temps plein;3 690,00;250;
DENIS;Virginie;F;18/12/1989;Française;;20/02/2016;;CDI;Employé;Hôtesse d’accueil;Temps plein;2 800,00;230;
MERCIER;Awa;F;24/10/1987;Française;;25/10/2024;;CDI;Ouvrier;Agent de maintenance;Temps plein;2 250,00;190;
MOREL;Awa;F;09/11/1991;Française;;22/04/2022;;CDI;Cadre;Ingénieur méthodes;Temps plein;3 900,00;350;
GAUTHIER;Sophie;F;21/04/1973;Française;;01/03/1998;;CDI;Ouvrier;Soudeur;Temps plein;2 480,00;170;
BOYER;Samir;H;11/06/1974;Française;;18/04/2013;;CDI;Agent de maîtrise;Animateur sécurité;Temps plein;3 550,00;250;
DUMONT;Julien;H;21/03/1997;Française;;28/04/2024;;CDI;Employé;Employé logistique;Temps plein;2 500,00;200;
GIRARD;Pascal;H;02/02/2001;Française;;07/01/2021;;CDI;Ouvrier;Agent de maintenance;Temps plein;2 010,00;190;
BERNARD;Amandine;F;19/08/1977;Française;;09/04/2016;;CDI;Employé;Assistant administratif;Temps plein;2 230,00;230;
LEBLANC;Frédéric;H;13/03/1978;Française;;05/12/1998;;CDI;Employé;Comptable;Temps plein;2 920,00;215;
GAUTIER;Camille;F;23/01/1971;Française;;13/10/2002;;CDI;Employé;Employé logistique;Temps plein;2 240,00;200;
JOLY;Stéphanie;F;08/07/1992;Française;;13/07/2018;;CDI;Employé;Secrétaire technique;Temps plein;2 560,00;230;
ADAM;Vincent;H;01/07/1964;Française;;14/03/2014;;CDI;Employé;Assistant commercial;Temps plein;2 990,00;215;
DUVAL;Julie;F;21/03/1993;Française;;01/06/2021;;CDI;Ouvrier;Agent de maintenance;Temps plein;2 470,00;170;
SANCHEZ;Christophe;H;11/08/1998;Française;;05/09/2017;;CDI;Employé;Téléconseiller;Temps plein;2 580,00;200;
ROBERT;Farid;H;21/01/1973;Française;;18/02/2012;;CDI;Ouvrier;Préparateur de commandes;Temps plein;2 410,00;190;
MOREL;Florian;H;11/12/1984;Française;;18/04/2012;;CDI;Employé;Gestionnaire de paie;Temps plein;2 610,00;230;
BOYER;Mehdi;H;04/08/1985;Française;;07/07/2016;;CDI;Employé;Assistant commercial;Temps plein;2 590,00;230;
GAUTHIER;Youssef;H;21/02/1976;Française;;22/04/2016;;CDI;Ouvrier;Cariste;Temps plein;2 260,00;190;
LEMAIRE;Inès;F;13/01/1986;Française;;10/10/2008;;CDI;Ouvrier;Préparateur de commandes;Temps plein;2 520,00;155;
POIRIER;Quentin;H;26/06/2000;Française;;26/05/2024;;CDI;Cadre;Responsable comptable;Temps plein;6 210,00;350;
FOURNIER;Marie;F;03/01/1972;Française;;15/12/1991;;CDI;Ouvrier;Peintre industriel;Temps plein;1 990,00;155;
DUMONT;Ousmane;H;10/02/2002;Française;;19/03/2023;;CDI;Cadre;Contrôleur de gestion;Temps plein;5 930,00;450;
LAMBERT;Sonia;F;13/04/2005;Française;;20/05/2024;;CDI;Agent de maîtrise;Technicien informatique;Temps plein;2 930,00;305;
POIRIER;Thomas;H;11/06/1998;Française;;27/11/2024;;CDI;Agent de maîtrise;Technicien qualité;Temps plein;3 770,00;305;
FONTAINE;Fanta;F;22/11/1970;Française;;06/10/2019;;CDI;Ouvrier;Peintre industriel;Temps plein;1 930,00;155;
MARCHAND;Manon;F;09/12/1975;Française;;05/06/1997;;CDI;Employé;Comptable;Temps plein;2 380,00;200;
DURAND;Olivier;H;27/03/1972;Française;;28/01/2006;;CDI;Employé;Gestionnaire de paie;Temps plein;2 520,00;230;
GUERIN;Quentin;H;12/02/2005;Française;;04/09/2024;;CDI;Agent de maîtrise;Technicien qualité;Temps plein;3 150,00;305;
MORIN;Nicolas;H;06/01/1996;Française;;08/06/2020;;CDI;Ouvrier;Conducteur de ligne;Temps plein;2 120,00;190;
DUVAL;Sandrine;F;18/06/1977;Française;;14/05/1999;;CDI;Employé;Gestionnaire de paie;Temps plein;2 950,00;230;
ADAM;Amandine;F;06/05/1983;Française;;15/09/2011;;CDI;Employé;Assistant achats;Temps plein;2 460,00;200;
SIMON;Élodie;F;18/01/1995;Française;;01/06/2022;;CDI;Employé;Chargé de clientèle;Temps plein;2 800,00;200;
BARON;Samira;F;20/03/1992;Française;;22/06/2021;;CDI;Employé;Employé logistique;Temps plein;2 200,00;200;
ANDRE;Stéphanie;F;16/02/1976;Française;;12/10/2001;;CDI;Agent de maîtrise;Animateur sécurité;Temps plein;3 640,00;275;
ROUX;Nadia;F;22/05/1997;Française;;05/02/2018;;CDI;Employé;Assistant achats;Temps plein;2 110,00;215;
DUVAL;Nadia;F;07/08/1989;Française;;24/01/2024;;CDI;Employé;Hôtesse d’accueil;Temps plein;2 150,00;215;
FAURE;Clara;F;06/07/1976;Française;;17/11/2002;;CDI;Ouvrier;Agent de production;Temps plein;2 090,00;155;
BOURGEOIS;Valérie;F;07/02/1979;Française;;24/08/2008;;CDI;Employé;Chargé de clientèle;Temps plein;2 400,00;230;
ROBERT;Éric;H;15/08/1991;Française;;02/04/2015;;CDI;Employé;Assistant administratif;Temps plein;2 770,00;215;
SIMON;Yasmine;F;10/07/1981;Française;;02/03/2005;;CDI;Cadre;Juriste;Temps plein;6 560,00;450;
CARPENTIER;Samira;F;03/11/2005;Française;;09/03/2024;;CDI;Employé;Employé logistique;Temps plein;2 800,00;230;
ROBIN;Awa;F;23/03/1980;Française;;18/12/2013;;CDI;Employé;Assistant achats;Temps plein;2 130,00;230;
GAUTIER;Virginie;F;12/08/1981;Française;;15/02/2004;;CDI;Cadre;Ingénieur bureau d’études;Temps plein;4 060,00;400;
SANCHEZ;Jean;H;07/10/1973;Française;;20/03/2004;;CDI;Employé;Téléconseiller;Temps plein;2 340,00;200;
GAUTHIER;Nadia;F;01/09/1989;Française;;18/11/2019;;CDI;Agent de maîtrise;Technicien de maintenance;Temps plein;3 440,00;275;
CARON;Quentin;H;20/04/1966;Française;;25/08/2020;;CDI;Employé;Comptable;Temps plein;2 630,00;215;
COLLET;Thomas;H;13/04/2003;Française;;19/09/2022;;CDI;Agent de maîtrise;Chef d’atelier;Temps plein;3 560,00;250;
ROBIN;Lucas;H;21/04/1970;Française;;15/06/1989;;CDI;Ouvrier;Agent de production;Temps plein;1 990,00;170;
MICHEL;Nathalie;F;13/12/1997;Française;;04/06/2018;;CDI;Employé;Secrétaire technique;Temps plein;2 310,00;215;
MEUNIER;Fanta;F;16/10/1985;Française;;01/03/2010;;CDI;Agent de maîtrise;Coordinateur planning;Temps plein;3 060,00;275;
ANDRE;Amel;F;14/09/1988;Française;;14/03/2020;;CDI;Employé;Assistant administratif;Temps plein;2 050,00;230;
BARON;Ibrahima;H;22/02/1991;Française;;01/04/2022;;CDI;Employé;Assistant administratif;Temps plein;2 330,00;200;
LEFEBVRE;Théo;H;24/07/1978;Française;;02/04/2017;;CDI;Agent de maîtrise;Coordinateur planning;Temps plein;3 670,00;250;
MULLER;Nathalie;F;09/04/1972;Française;;28/03/2011;;CDI;Agent de maîtrise;Chef d’atelier;Temps plein;2 960,00;250;
ROUSSEAU;Théo;H;17/02/1964;Française;;22/12/1999;;CDI;Employé;Comptable;Temps plein;2 040,00;200;
LEFEVRE;Hugo;H;07/02/1998;Française;;10/06/2022;;CDI;Cadre;Architecte système;Temps plein;5 890,00;450;
ROGER;Lucie;F;19/06/1972;Française;;25/08/1995;;CDI;Ouvrier;Conducteur de ligne;Temps plein;1 910,00;170;
FOURNIER;Frédéric;H;02/06/1972;Française;;22/08/2021;;CDI;Cadre;Responsable comptable;Temps plein;6 580,00;350;
LEFEBVRE;Sofiane;H;15/05/1972;Française;;25/01/1997;;CDI;Employé;Gestionnaire de paie;Temps plein;2 130,00;215;
HENRY;Amel;F;03/10/2000;Française;;27/02/2022;;CDI;Ouvrier;Peintre industriel;Temps plein;1 900,00;190;
BLANC;Farid;H;03/01/1984;Française;;16/03/2024;;CDI;Cadre;Responsable qualité;Temps plein;6 400,00;500;
MEYER;Christophe;H;17/05/2002;Française;;21/05/2024;;CDI;Employé;Employé logistique;Temps plein;2 460,00;215;
THOMAS;Laurent;H;22/05/1982;Française;;03/02/2018;;CDI;Employé;Gestionnaire de paie;Temps plein;2 470,00;215;
SANCHEZ;Lucas;H;06/04/1977;Française;;24/05/2007;;CDI;Employé;Secrétaire technique;Temps plein;2 620,00;215;
MATHIEU;Sylvie;F;23/06/1987;Française;;10/04/2017;;CDI;Employé;Gestionnaire de paie;Temps plein;2 280,00;215;
BOYER;Virginie;F;06/04/1992;Française;;19/03/2019;;CDI;Employé;Hôtesse d’accueil;Temps plein;2 580,00;200;
MARTY;Inès;F;14/04/1964;Française;;09/10/2014;;CDI;Agent de maîtrise;Superviseur logistique;Temps plein;3 390,00;275;
PHILIPPE;Guillaume;H;11/04/1965;Française;;20/01/1988;;CDI;Ouvrier;Préparateur de commandes;Temps plein;1 960,00;190;
LAMBERT;Jérémy;H;20/01/2005;Française;;01/10/2024;;CDI;Employé;Assistant achats;Temps plein;2 670,00;200;
LEGRAND;Marion;F;10/09/1999;Française;;11/05/2018;;CDI;Employé;Comptable;Temps plein;2 500,00;215;
MAILLARD;Sofiane;H;09/05/1965;Française;;23/12/2006;;CDI;Ouvrier;Magasinier;Temps plein;2 440,00;190;
VIDAL;Nathalie;F;20/06/1998;Française;;12/12/2019;;CDI;Employé;Comptable;Temps plein;2 190,00;215;
CARPENTIER;Amel;F;27/06/1969;Française;;19/04/1997;;CDI;Ouvrier;Conducteur de ligne;Temps plein;1 920,00;170;
DAVID;Pascal;H;04/12/1964;Française;;13/05/2010;;CDI;Employé;Employé logistique;Temps plein;2 530,00;230;
LUCAS;Amandine;F;16/11/1970;Française;;06/07/2013;;CDI;Agent de maîtrise;Technicien qualité;Temps plein;3 390,00;305;
MARTY;Awa;F;25/09/1985;Française;;08/12/2007;;CDI;Agent de maîtrise;Superviseur logistique;Temps plein;3 640,00;250;
BENOIT;Ibrahima;H;19/04/2000;Française;;28/11/2021;;CDI;Employé;Chargé de clientèle;Temps plein;2 890,00;230;
RENAUD;Antoine;H;25/01/1982;Française;;26/03/2022;;CDI;Employé;Gestionnaire de paie;Temps plein;2 150,00;215;
DUBOIS;Christine;F;27/05/1996;Française;;20/01/2022;;CDI;Cadre;Responsable comptable;Temps plein;4 170,00;500;
MERCIER;Julie;F;08/07/1984;Française;;21/04/2007;;CDI;Agent de maîtrise;Animateur sécurité;Temps plein;2 840,00;250;
LEGRAND;Anaïs;F;25/08/1978;Française;;18/10/2010;;CDI;Employé;Employé logistique;Temps plein;2 760,00;200;
PHILIPPE;Awa;F;07/07/1990;Française;;28/09/2019;;CDI;Employé;Assistant administratif;Temps plein;2 090,00;230;
LOPEZ;Pascal;H;06/05/1995;Française;;25/02/2020;;CDI;Employé;Gestionnaire de paie;Temps plein;2 380,00;200;
CARON;Clara;F;07/12/2001;Française;;11/07/2022;;CDI;Ouvrier;Agent de maintenance;Temps plein;2 250,00;170;
LUCAS;Hugo;H;18/05/1986;Française;;13/09/2022;;CDI;Employé;Gestionnaire de paie;Temps plein;2 650,00;230;
DUBOIS;Amel;F;02/06/1978;Française;;03/07/2012;;CDI;Ouvrier;Peintre industriel;Temps plein;2 110,00;155;
COLLET;Caroline;F;01/11/1992;Française;;04/12/2014;;CDI;Ouvrier;Agent de maintenance;Temps plein;1 940,00;190;
MICHEL;Karine;F;01/05/1995;Française;;09/06/2014;;CDI;Cadre;Chargé d’affaires;Temps plein;5 120,00;500;
BLANC;Samir;H;28/08/1972;Française;;08/08/2011;;CDI;Ouvrier;Agent de maintenance;Temps plein;2 020,00;190;
ROBIN;Maxime;H;22/10/2003;Française;;12/08/2022;;CDI;Employé;Téléconseiller;Temps plein;2 260,00;215;
BONNET;Camille;F;13/10/1966;Française;;04/11/2022;;CDI;Ouvrier;Cariste;Temps plein;1 940,00;155;
CHEVALIER;Youssef;H;13/12/1966;Française;;27/07/2010;;CDI;Agent de maîtrise;Superviseur logistique;Temps plein;3 080,00;250;
GARCIA;Samir;H;18/12/1980;Française;;26/04/2003;;CDI;Employé;Comptable;Temps plein;2 250,00;230;
RICHARD;Sandrine;F;20/12/1992;Française;;23/04/2015;;CDI;Employé;Chargé de clientèle;Temps plein;2 050,00;215;
KLEIN;Leila;F;12/05/2002;Française;;05/05/2024;;CDI;Employé;Téléconseiller;Temps plein;2 770,00;215;
ROBIN;Valérie;F;19/04/1978;Française;;27/10/2003;;CDI;Employé;Assistant commercial;Temps plein;2 800,00;200;
DENIS;Camille;F;07/10/1978;Française;;05/09/2019;;CDI;Cadre;Chargé d’affaires;Temps plein;6 010,00;500;
SCHMITT;Sonia;F;04/04/1985;Française;;17/03/2012;;CDI;Agent de maîtrise;Technicien informatique;Temps plein;3 120,00;275;
BENOIT;Pascal;H;13/02/1965;Française;;26/06/2007;;CDI;Agent de maîtrise;Technicien méthodes;Temps plein;2 910,00;305;
BERTIN;Maxime;H;02/10/1972;Française;;05/08/2023;;CDI;Cadre;Chef de projet;Temps plein;5 780,00;450;
AUBERT;Nathan;H;09/05/1966;Française;;28/04/1999;;CDI;Employé;Téléconseiller;Temps plein;2 770,00;215;
PETIT;Nathalie;F;24/03/2002;Française;;22/02/2024;;CDI;Ouvrier;Cariste;Temps plein;2 390,00;190;
CARPENTIER;Youssef;H;06/07/1977;Française;;22/12/2004;;CDI;Employé;Assistant achats;Temps plein;2 850,00;215;
VINCENT;Éric;H;13/01/1982;Française;;22/09/2017;;CDI;Ouvrier;Conducteur de ligne;Temps plein;2 330,00;190;
LECLERCQ;Caroline;F;27/12/2002;Française;;01/08/2024;;CDI;Cadre;Responsable qualité;Temps plein;6 000,00;400;
GARCIA;Nadia;F;17/06/1967;Française;;23/03/1987;;CDI;Employé;Hôtesse d’accueil;Temps plein;2 400,00;230;
BENOIT;Chloé;F;13/01/1988;Française;;04/09/2007;;CDI;Ouvrier;Magasinier;Temps plein;2 350,00;170;
FERNANDEZ;Leila;F;24/01/1968;Française;;13/08/1995;;CDI;Employé;Secrétaire technique;Temps plein;2 300,00;215;
ROCHE;Hugo;H;06/10/1991;Française;;16/01/2014;;CDI;Agent de maîtrise;Animateur sécurité;Temps plein;2 810,00;305;
LEMOINE;Caroline;F;24/08/1973;Française;;12/02/2024;;CDI;Ouvrier;Magasinier;Temps plein;2 140,00;170;
NICOLAS;Thomas;H;28/01/1982;Française;;24/04/2011;;CDI;Agent de maîtrise;Superviseur logistique;Temps plein;3 540,00;305;
LOPEZ;Amandine;F;02/03/2003;Française;;18/03/2023;;CDI;Employé;Chargé de clientèle;Temps plein;2 420,00;230;
LEFEVRE;Karim;H;06/11/1974;Française;;17/09/2010;;CDI;Cadre;Contrôleur de gestion;Temps plein;4 670,00;450;
LUCAS;Nathan;H;07/01/1980;Française;;09/03/2004;;CDI;Employé;Assistant administratif;Temps plein;2 130,00;200;
PERRIN;Aurélie;F;18/03/1991;Française;;17/04/2015;;CDI;Cadre;Responsable comptable;Temps plein;3 980,00;350;
MULLER;Mehdi;H;06/09/1998;Française;;18/04/2024;;CDI;Employé;Téléconseiller;Temps plein;2 740,00;215;
MICHEL;Ibrahima;H;13/07/1994;Française;;25/01/2017;;CDI;Employé;Gestionnaire de paie;Temps plein;2 460,00;215;
MARTINEZ;Sandrine;F;07/09/2000;Française;;07/08/2023;;CDI;Agent de maîtrise;Chef d’atelier;Temps plein;3 630,00;250;
GAUTIER;Maxime;H;26/10/1978;Française;;05/04/2020;;CDI;Employé;Hôtesse d’accueil;Temps plein;2 200,00;215;
GAUTHIER;Romain;H;07/08/1985;Française;;03/11/2020;;CDI;Ouvrier;Conducteur de ligne;Temps plein;2 070,00;190;
BERNARD;Théo;H;11/11/1992;Française;;22/07/2019;;CDI;Employé;Gestionnaire de paie;Temps plein;2 200,00;215;
CLEMENT;Julie;F;20/02/1965;Française;;05/09/2023;;CDI;Employé;Assistant commercial;Temps plein;2 290,00;215;
MARCHAND;Inès;F;27/09/1982;Française;;26/06/2008;;CDI;Employé;Hôtesse d’accueil;Temps plein;2 700,00;230;
VIDAL;Farid;H;24/03/1984;Française;;22/04/2011;;CDI;Employé;Employé logistique;Temps plein;2 020,00;230;
ADAM;Mamadou;H;11/01/2004;Française;;06/01/2023;;CDI;Ouvrier;Magasinier;Temps plein;2 140,00;155;
LOPEZ;Awa;F;25/01/1981;Française;;23/10/2011;;CDI;Employé;Secrétaire technique;Temps plein;2 490,00;230;
GIRARD;Julien;H;26/06/1970;Française;;23/05/2011;;CDI;Employé;Hôtesse d’accueil;Temps plein;2 710,00;230;
MOREL;Philippe;H;09/12/1977;Française;;14/03/2013;;CDI;Cadre;Ingénieur bureau d’études;Temps plein;5 650,00;500;
ROGER;Philippe;H;10/10/1988;Française;;04/12/2009;;CDI;Cadre;Responsable achats;Temps plein;4 090,00;500;
CLEMENT;Théo;H;27/06/1971;Française;;01/04/2000;;CDI;Employé;Chargé de clientèle;Temps plein;2 380,00;200;
